-0.0978937192057737,-0.00898520050633652,0.0726861098290902,-0.0997945146340018,-0.016374056434003,0.0376920345993608,-0.0259059302807966,-0.0337275242144536,0.0141973069804467,-0.0104096643005783,0.0960848117064045,0.00390249992486239,0.0602842646491375,-0.0999381815508363,0.0330831666896388,-0.0545063854324262,0.0525036054892415,-0.0296245924848339,0.000561437687516698,-0.0126887296987016,0.0665210336421622,-0.0788676890371662,0.0490336361727604,-0.0813209658946413,0.0705691269102435,-0.0252874564840696,0.0294067235858708,0.00726610289928103,0.014463757141835,0.0982833866110153,0.0827639307514509,-0.0652233844458477,0.0302377733085994,0.0608639384711186,0.0936802033040103,0.0590474870048981,0.0966893291561087,0.0237567056477948,-0.0519486374925514,0.0803320319563216,0.00355420619020914,-0.023196965113664,0.0898567723442387,-0.010214420694313,0.0592232863410023,0.0496682889342497,-0.0481530647659303,0.0168940515695884,0.0950553671813657,-0.0118173092965621,-0.0474058738241053,0.0179651946369043,0.00486250454223031,-0.0899101357932835,-0.0592689434816371,0.000720222125112071,0.0844108957659641,-0.065615795413498,-0.00881210769092275,-0.0579093743959217,-0.0401565605938761,-0.099362384965236,0.0361044670835686,-0.0187537571255037,0.0990570622995347,-0.0364612849637742,0.0224786938248158,-0.0999958327794903,-0.0291852216356189,0.0492994099006181,-0.0587286350909339,-0.0787455796608139,0.0885392667082264,-0.0861578569433833,-0.081497558118445,0.0357001678701896,0.0549320108254698,-0.0181238231599077,0.0241305021494815,0.0133638576080174,-0.0113377334915159,-0.0523508840999908,0.0136444610386907,0.0817345824452317,-0.0667625882435846,-0.0483771982855124,0.0984517339705098,-0.0934138663206165,-0.0798192264754606,-0.037846895234512,0.028507053247826,-0.0108214404998261,0.0988813057720424,-0.0639396123403687,-0.0664914684609167,-0.0606940195560162,0.0900740033782133,0.0268479899445433,-0.0877661682889205,-0.0326809400118725
-0.0204161636976043,-0.0995955128114078,-0.068678449592339,0.00641434513920088,-0.0986503435161744,-0.0926245676232231,-0.096586141740739,-0.094140608190073,-0.0989870520550979,-0.0994567186772756,0.0277075614115088,-0.0999238234461115,-0.0797860102756005,-0.00351566037650506,-0.094368978387294,-0.0838394534044193,-0.0851079985116379,-0.0955111696098555,-0.0999984239267197,-0.0991917140626214,-0.0746656017401759,-0.0614807907071107,-0.0871533278062843,0.0581958300137826,-0.070851946530402,-0.0967499072070744,-0.0955784735597061,-0.0997356693912788,-0.0989484700709708,0.0184492795602521,-0.0561260346556431,0.0758017817824787,-0.0953188180024029,-0.0793446973261849,0.0349859901797964,-0.0807056025279908,-0.0255181066499109,-0.0971371141370956,-0.0854478733654091,-0.0595547197274774,-0.0999368181320685,0.0972723023747677,-0.0438834873728903,-0.0994769601962163,-0.0805766861754008,-0.0867932086886774,-0.0876429252917727,-0.0985626248715206,-0.0310560327476655,-0.0992993011104443,0.0880493221272196,-0.0983730236483444,-0.0998817102872557,-0.0437740503249824,-0.080543108572041,0.0999974063664326,-0.0536171677487179,-0.0754623574522687,-0.0996109770963966,-0.081526096172785,-0.0915830259453695,-0.0112745932386967,-0.0932548521883045,-0.0982257430295008,0.0137003068795358,-0.0931159207589861,-0.097440793943713,0.000912922068896067,-0.0956463425235531,-0.0870032653607258,-0.0809379232519943,0.061637112871416,-0.0464843871880248,-0.0507624239657435,-0.0579495304659914,-0.0934103742314833,-0.0835612002475531,-0.0983439222022362,-0.0970449322017603,-0.0991030136271958,-0.0993552001619285,-0.0852020242368527,-0.0990647701380493,-0.0576147379794022,-0.0744496931559368,-0.0875194074826744,-0.0175287215229181,-0.0356910293918858,-0.060240277939953,-0.0925613986557457,-0.0958506542244947,-0.0994127578611114,-0.0149160104877567,-0.0768877491792243,0.0746919314357541,-0.0794747506469264,0.0434358597868244,-0.096328528670895,-0.0479280680176626,-0.0945090268701376
-0.196390851650742,-0.101852437134267,0.0902482353381902,-0.194307922982441,-0.0797205086308814,0.134281321027892,0.0325800542401043,0.0139394932751269,0.017334821317807,-0.0541676323350477,0.16657108521185,-0.0948579949073417,-0.0382548105729671,-0.0901284232606741,0.0342390364201139,-0.143714598186029,0.0562444101531536,-0.0222001286264431,-0.0226540329941099,-0.0179238251397327,0.159244163486256,-0.178867468705465,-0.0333701976328664,0.00722825393759177,-0.0255138739611641,0.0548104936975395,-0.000854829380417167,-0.0921749806159483,-0.0682598220265924,0.0282185363036267,0.0413886129236134,0.014536390403779,0.0420273655144042,0.0573516290969685,0.169531822197064,0.0158558661983121,0.125576828628683,0.0634790388455078,-0.115846485119462,0.0892329470224245,0.0702386280297052,-0.115129095457446,0.10869305417571,0.080136635109851,0.135916331645246,-0.0266374527177415,-0.040846412177189,-0.0508378007160896,0.101175455063315,0.0881824025937798,-0.145332070993134,-0.0161522024925829,0.0613219884161094,-0.189589004296906,-0.101355657651592,-0.0961423422908686,0.126459642000662,0.0334748245295194,-0.00749603342612115,-0.0411197807966559,-0.138575039755171,-0.103224459739192,0.0596253838149169,-0.057673094065472,-0.000841380299738983,-0.0422871855156293,-0.00721119724557748,-0.136569286091293,-0.0764410525332307,-0.0502565629743065,0.00865985086721428,-0.136576495932262,0.186863090902134,-0.0516341815566798,-0.112930757498363,-0.00128990137037688,0.147032637411547,-0.109475630158317,0.0596720838396655,0.0948811837620997,-0.110645008639807,-0.05044127919568,0.111062479682843,-0.0142566394812374,0.0329504912642857,-0.100662654723384,0.195214974423277,-0.185633772304069,-0.0383900109001275,-0.00907475666672031,0.0121615974335539,-0.06165965916346,0.198800815004616,-0.0247492518871899,-0.144895018807654,-0.15650575619319,0.0830453765856102,0.0749422726461329,-0.168773326482906,-0.0669792330574013
-0.0376879586293672,-0.0625054014500865,0.0297673311551555,-0.0262539214572297,-0.17602751711449,-0.0667303646616024,-0.177699578449472,-0.182048829896851,-0.198937819955014,-0.189374682586021,0.0986419342312598,-0.115619831186903,-0.0968168838404612,0.0960020196729727,-0.194362297989986,-0.0386521235696793,-0.185038005919155,-0.195235175428344,-0.197266311335826,-0.199054588924721,-0.0372166873107672,-0.0616907104340834,-0.143806731712543,0.011730405586987,-0.0985657868184023,-0.156619084391202,-0.190889744729849,-0.08917769093316,-0.15513396152195,-0.0529013809230484,-0.147164944328863,0.136120753231872,-0.194621413716819,0.0205936020534711,-0.0301794294169276,-0.170896976246399,0.0702185758437976,-0.188909311698938,-0.162370334770698,-0.1591578005586,-0.174456532865367,0.0579215284248955,-0.142093438430905,-0.142333543283376,-0.144749708559898,-0.15142627910169,-0.187375632203535,-0.172131614165298,-0.130868579676045,-0.0990592556471457,0.108309132297467,-0.00437300655734144,-0.182418530440631,-0.0357663556606296,0.0101691204295076,0.0751449695679584,-0.144347002643806,-0.0889178039139886,-0.199602316464011,-0.180106568614561,-0.109297510403036,-0.111199987297685,-0.190449329789231,-0.0061101351655062,0.0182059884306021,-0.19294607092796,-0.192931685490963,-0.0921589991146581,-0.183776283214423,-0.0964164616802793,-0.154821561226023,-0.0199446566803951,-0.0282518449410243,0.0430891388224888,-0.152880842518596,-0.186317504084784,-0.0446064241282723,-0.139023737322021,-0.190515761720707,-0.157024732669828,-0.0876050894107,-0.185183789619894,-0.121641963120223,-0.0295846592591529,-0.0820194867503374,-0.172761598005229,-0.0427651098754524,-0.0743625814735289,-0.151254672940967,-0.188332814236229,-0.194505740633424,-0.185525913204,-0.0109045675152492,-0.168888377696371,0.0126203333198675,-0.0508371682996473,-0.0563168264196648,-0.184003724544087,-0.10656116721372,-0.000574863252798857
-0.194282060607488,-0.103693617728193,0.119973995149285,-0.223321351426476,0.0114387729590389,0.162412615159748,0.0448949200893365,0.0197328471569746,0.110076026376099,-0.0232943215083784,0.132750550100162,-0.0478723983920569,-0.0737185985673754,-0.0945235975027891,0.0181255915124044,-0.22166548988307,-0.000743438220147728,-0.0302214571237201,-0.0057163497600119,0.0678271033315322,0.241276731352572,-0.271818723514272,0.00525670181917011,0.0949453578751647,0.0613320347904607,-0.0427190336885065,0.0554686659021346,-0.129895671189054,-0.127691090051387,-0.0258215810643755,0.0615295153046333,-0.0485778008368817,-0.0427457368411187,0.155553522312146,0.254220771500372,-0.0707991522200654,0.130918112215,0.0684431644947391,-0.155495578580217,0.060256484837719,-0.0295043991098808,-0.196757373045379,0.115691713233776,0.0935603059171681,0.208886919115558,-0.125517730033903,-0.066197586079456,0.0271084314801597,0.143181823251111,0.18802469276016,-0.196555315118609,-0.106742437499704,0.0996781112631552,-0.288992166153021,-0.134715674191556,-0.1909776627851,0.0356544774829502,0.0143164505386616,0.013314084704791,0.0384148198338963,-0.223378538041638,-0.15109147227305,-0.000783075491546165,0.038859005868722,0.0876445268584577,-0.0904953267792404,-0.024062746624353,-0.224388095786817,-0.132885062150302,-0.114336087879912,0.0332136522261093,-0.235928142860872,0.26675140874994,-0.150102859343259,-0.102998496318956,-0.0995773175334837,0.0710055714378713,-0.208223940411393,0.122492983774926,0.153131867019258,-0.155257962296442,-0.136431607657562,0.111706267611027,-0.0642982401382153,-0.0371975375652063,-0.156082754182575,0.122345231543691,-0.226346537482394,-0.0464158311459657,-0.0940451029841979,0.00886408080650232,-0.149697608969373,0.286352521134667,0.0154772740851343,-0.0571715775883243,-0.256032314193166,0.162949099051249,0.171545456338905,-0.201861239170134,-0.153111484693633
-0.137665721159207,0.0374776473821946,0.125247063054932,0.0694446729414176,-0.217136948880384,0.0292312437575096,-0.276938401896324,-0.281880874105335,-0.161533690714126,-0.0942598116264797,0.192749167772732,-0.203894140704816,-0.190317256786753,0.195905385198772,-0.293055544432112,-0.101291236619616,-0.267210903749321,-0.29491294772056,-0.295821447613752,-0.250501437869868,0.0199729779208002,-0.0985697590865253,-0.0515681137767694,0.059748211418099,-0.1481418711044,-0.178709609234327,-0.273519423896774,-0.181790592315912,-0.0747105545995615,-0.137042130354138,-0.245115666894518,0.213687491361287,-0.247664048616216,0.0394718479729804,0.0229974628002223,-0.120987981236375,0.170075827408618,-0.0890326004448165,-0.254174198457057,-0.254867594411204,-0.167292139169626,0.000156276773917887,-0.241848231656038,-0.241428472830929,-0.213125825474183,-0.136503452362797,-0.284108863214571,-0.234776525264707,-0.221618042658871,-0.104673264404926,0.194193818134534,-0.0467216703077342,-0.274770075312075,-0.024857120432371,0.104440586401207,0.10686660235698,-0.186232824818898,0.0092298231891716,-0.297413046874494,-0.240722138417529,-0.162291535334341,-0.0234005048865769,-0.270141349742627,-0.0322167182875798,0.0647918686347738,-0.280558713371336,-0.291501585985739,-0.0443274544635624,-0.266323686434644,-0.17318764434586,-0.251760257518068,-0.0313134848049175,0.0318967765847252,0.0256558518429901,-0.252386370947242,-0.204745304387566,-0.109567067901188,-0.154796220391488,-0.268320225161778,-0.238307313215405,-0.177101929388759,-0.236229488861813,-0.22163989078247,-0.116163168161417,-0.0107506011737185,-0.255999885926159,-0.111248688729421,-0.165699708380255,-0.250932083670464,-0.241058901201676,-0.294451357766817,-0.232952903346876,-0.0592232880463736,-0.260440693932892,-0.0353858939977452,-0.0605564405294637,0.00381132951524598,-0.209846032885353,-0.200928481650785,0.0502309949538285
-0.134435392959773,-0.00663626562713342,0.210190163199064,-0.123627110020412,0.025866255210642,0.0624584284588033,0.090945372289702,-0.063003555168638,0.208926473457001,-0.118888609537726,0.195184793732976,0.00311512199510749,-0.0526247929136342,-0.0674185708770385,0.0981254501681433,-0.321657692611953,-0.0982740035454506,-0.03215028898922,-0.0418888175411209,0.0612964393419904,0.167730308098468,-0.365891006973505,0.0964145704882313,0.151488923230217,0.114173399489743,0.027763720352766,0.0323491854573056,-0.0313671208543784,-0.21821146358599,-0.010667857020947,-0.0209928354514611,-0.106825006143071,-0.124118631186358,0.23779077278209,0.350368219396926,0.0126831944591262,0.22034279622694,-0.0143122912532757,-0.193626885549754,0.0867021381511345,-0.0492390736934285,-0.270868706820071,0.178905751822774,0.0190827653685128,0.301194830152364,-0.0402928701749526,-0.155666976821603,0.118976000539327,0.242043747570182,0.114002165488149,-0.191991140285066,-0.180449832480229,0.130700686120752,-0.371107170105274,-0.100025737363108,-0.144646548257622,0.116702362546264,0.114064634017292,0.089570267695685,0.0965533081837727,-0.279419456100593,-0.184284245798432,-0.0503032453161134,-0.0293256789325499,0.0161508815597108,-0.172132653740272,0.0729860999616509,-0.264446381680562,-0.220485623239938,-0.21418764243902,-0.0447392449350168,-0.255224523780556,0.349794369516778,-0.117922602682466,-0.0336670134889334,-0.149009161818536,0.14351408653301,-0.224806418093531,0.0903153911309297,0.252460637723955,-0.0555158099766839,-0.190329849030115,0.203239848921836,-0.028722575171501,0.0627695328170372,-0.171079610173673,0.221076299107332,-0.324821533519919,-0.0121058888640606,-0.192330400471386,-0.0549871484692899,-0.0503211256055626,0.276602087534038,-0.068955985914355,-0.0477957836307239,-0.355987205299483,0.106678831889431,0.140182810823385,-0.195587557432194,-0.112761399804172
-0.0575509511642199,0.0133971489797268,0.168386870912542,0.0616306963281632,-0.316090714631381,0.0262046018889549,-0.365704137696959,-0.338047481001633,-0.176652854442632,-0.123615085395527,0.270864244563495,-0.289918978777079,-0.0925673137533336,0.29216190462345,-0.353055732892424,-0.100042479861742,-0.245124961899786,-0.394894344029264,-0.389049944194985,-0.350287962150019,0.0877293327999325,-0.0646521311505981,-0.0104555490343331,0.14222745254553,-0.233040576493306,-0.24964747911183,-0.370810171781458,-0.164698934437349,-0.0322127667139488,-0.235887285256112,-0.188635036358188,0.294972564245947,-0.305788501869079,-0.0174230958727116,0.0504868837286334,-0.176039754989028,0.214833238974867,-0.145171130457177,-0.161729601920605,-0.351307354991717,-0.0692587641431585,0.0672942705362675,-0.319333619474079,-0.174696951389665,-0.174664811965194,-0.0841897518443145,-0.328776839666643,-0.195275262558726,-0.236661975653204,-0.0374373702985545,0.294089605373827,0.0208595395454465,-0.369836367180152,0.0322141168605211,0.198230821942435,0.19548617032335,-0.244809614432943,0.0163220649161263,-0.362104580754396,-0.322085005700373,-0.0794699469461866,0.0709299768555021,-0.357019153470553,-0.105366214243064,0.134710812290106,-0.338311175194711,-0.315616340317619,-0.135953508243215,-0.314553777631619,-0.178634391278819,-0.314396874797378,0.0668071026548085,-0.023815579920876,-0.069024827713522,-0.3244498549533,-0.117817214735159,-0.0407011457139542,-0.253411743682493,-0.363001810127985,-0.22674032093463,-0.184278491978146,-0.151997787127793,-0.261909028993878,-0.209621030656844,-0.00818450702276114,-0.354868962540565,-0.127128748483153,-0.148302146612597,-0.157002174374994,-0.222619804208795,-0.371412520179882,-0.22180325966655,0.0403002219625339,-0.314022636842249,0.0641736082478699,-0.057553151655261,0.0864772658709421,-0.114891388626552,-0.300731492214031,0.141728921976468
-0.0354334788146951,0.0841862281545172,0.121502326892165,-0.0264147088043911,-0.0725530577314654,0.000601194877973692,0.190906042747835,0.0310962847628039,0.195976563550497,-0.154342993183795,0.25332785475955,0.0749395427743134,-0.0046064886359143,-0.0537030519653214,0.134681227494322,-0.335243613003425,-0.0186116773284822,-0.0798663517289134,-0.140006083361585,-0.0129312944210236,0.194454600624032,-0.448523314965884,0.095001279514882,0.114278508525943,0.161066998133037,-0.0572614485757016,0.0955117122149488,-0.100989125384343,-0.294870161754016,-0.110148297712839,-0.119083313245801,-0.205819239682215,-0.123002685999955,0.289119346733632,0.254629015395708,-0.0310696172870917,0.270996745151027,-1.96685466290605e-05,-0.266698266292437,0.104906524414058,0.026870535737163,-0.314869417949926,0.155262643799812,0.0713484708446636,0.344284289774563,0.0276720336246154,-0.136768955584436,0.199198024418781,0.180853784605094,0.147564755780232,-0.230267532201311,-0.25123405810882,0.151059757249918,-0.467534899052609,-0.19873233280601,-0.241613558621185,0.178590621666859,0.21018528882405,0.0445314986305873,0.012094754668406,-0.352723946022785,-0.22176230574342,-0.0475270233240139,-0.124765252222428,0.0325838644594298,-0.0824151766406511,0.0866709963906853,-0.226438640528029,-0.281801163640689,-0.247801157081936,0.0549143560345465,-0.183363533150706,0.402338809843669,-0.0198768116489896,0.0647951503758531,-0.244199713442891,0.189784722678265,-0.231254604897532,0.0256174689316308,0.351268584867207,-0.123139242119512,-0.290059500660094,0.109708254091621,-0.100587566647988,0.161615460790336,-0.201436690741911,0.317635374781297,-0.408097857059467,-0.0391636152839239,-0.263596610588414,-0.105392224536173,0.0450889499493905,0.259987570635749,-0.0649486435602674,-0.0105629558812056,-0.437668472889544,0.0641413064878674,0.203570508888568,-0.279554969999642,-0.0495542829923064
-0.0434576550434567,0.0552453821968794,0.21458717060332,0.0381839684146654,-0.333800566136883,0.104777387596023,-0.36289979077271,-0.371888582119211,-0.275810808401997,-0.217119024789081,0.352223844209025,-0.359498089002286,-0.180284144830939,0.391216861799567,-0.446134598077663,-0.199115295341729,-0.184677350022412,-0.482775953919081,-0.369736680659488,-0.417297241666243,-0.00863358636002748,-0.12097176960739,0.0895344635099205,0.23504655099816,-0.144717360936635,-0.197009843824112,-0.293282788144763,-0.236481776991497,-0.0964268149836502,-0.24606775281997,-0.169186176078754,0.309119709752991,-0.405782275007125,0.0683986816434561,0.0793660252885347,-0.265960227988426,0.301054915242474,-0.244144464948433,-0.229997993701641,-0.449636396077496,-0.1341226782428,-0.0225051583020875,-0.416498445636215,-0.0894426492629598,-0.0844245855164309,-0.157543496475926,-0.426974929227751,-0.254978083973589,-0.31575551794528,0.056762165437667,0.386474224342065,-0.0497775144855899,-0.46774197592176,0.00572462667027623,0.21426229149581,0.219927915376445,-0.166261263825311,0.0439050255911239,-0.272821271670181,-0.375627070826198,-0.0114519217082573,0.163641330115724,-0.456980608999854,-0.135220658639675,0.233351357062536,-0.294143604479611,-0.414675532772379,-0.228448976307716,-0.393550008588864,-0.084453015023209,-0.322713112757905,-0.00273423775248798,-0.108898373667189,-0.0886977243145268,-0.341919894656205,-0.148456387071955,0.0479500146323942,-0.353203631563927,-0.439252573161229,-0.211345855000568,-0.257947151700273,-0.144649550207167,-0.226527667111726,-0.140083824788195,-0.023333187595755,-0.450149850758157,-0.153135380425595,-0.203665075886372,-0.253272000597897,-0.292770551143917,-0.45777992321362,-0.251751840310041,-0.0583099084921682,-0.413942310617243,0.156983718351834,-0.115243450016576,-0.00402444092334465,-0.0375480001952192,-0.355040548795903,0.219219956195474
0.064427310009428,0.104937714124961,0.116038685496045,0.0344248352326245,-0.0691651997337909,-0.0104578565030578,0.186603711884172,0.0978732631423715,0.217588413842592,-0.170128864290225,0.353305925058179,0.15307905433965,-0.00238875963735612,-0.151943150836824,0.126451906960617,-0.275325207596103,0.0110356528102467,-0.115100002199729,-0.0544342293843424,-0.0260988117822067,0.113547175400524,-0.537632992094035,0.0190452237805677,0.0148688377662803,0.215801013714921,-0.117038315215121,0.0380940889538222,-0.114890533194491,-0.348027154310709,-0.113786155393092,-0.200631001517939,-0.279794064199629,-0.157921451088318,0.365555971069404,0.15955513899288,0.0643979748291587,0.277602079351502,-0.0256843640010004,-0.296261612576403,0.0658962152525128,-0.0727666941880761,-0.33086268852097,0.196037599056649,0.147259705421639,0.444017648288364,0.115859609688214,-0.175821834096004,0.265069715609422,0.122410014483574,0.0802191089483531,-0.252768244195463,-0.260555678227877,0.242906776334353,-0.55092123033766,-0.277771844007665,-0.275827576313711,0.256059449238759,0.214249602047115,0.143899757221732,0.103239479158556,-0.367193904727488,-0.320419395666815,-0.143201871563708,-0.184521660368985,0.126857597292294,-0.0473110200370653,0.104382690420466,-0.246389242133297,-0.334587538449805,-0.15378207362272,0.0679949107145266,-0.114169302913563,0.31855964249789,0.0565003573656363,0.0182660579862796,-0.212716698278046,0.288721056516375,-0.315827380845469,0.0527916255258648,0.42842418277214,-0.0232193138138168,-0.370184143618176,0.207511026634946,-0.18158843856613,0.106458980939213,-0.273819579035702,0.404904081128343,-0.443791828386453,-0.0608392725527288,-0.298063201209058,-0.122928051455118,-0.0050661780498474,0.187823676050644,-0.147522795097283,-0.110496652818313,-0.50728767304893,0.13454620596296,0.250326005490626,-0.37619349230721,-0.147481176991742
-0.0487323925178636,0.15306856876335,0.314437802164985,0.117547372332289,-0.433743161753229,0.204163993245636,-0.462807197650697,-0.446325368444604,-0.373447522433927,-0.315865195724106,0.354317993060338,-0.421901748614048,-0.0803087394649741,0.372538452518854,-0.545795414267631,-0.279176426319593,-0.089173235893128,-0.576363292136967,-0.317992523436357,-0.516426533436694,0.0501370571934036,-0.0755904359756975,0.0244908043469328,0.245896314106021,-0.228408385176342,-0.277176708642318,-0.21140961464475,-0.335510817484153,-0.18112825618958,-0.346001560870898,-0.111307211527976,0.241831335293788,-0.312076993167478,0.0039204491911168,0.0483667022996007,-0.236195502968274,0.20127330591811,-0.340794986992428,-0.325528138454487,-0.541713514729032,-0.125612542355471,0.0762076336581632,-0.507807826446055,-0.154538612770493,-0.0771268324598753,-0.110395310635816,-0.519034000915536,-0.179738996393808,-0.234611659681143,0.130684853787211,0.483909936274376,-0.149342103564173,-0.507290997228148,0.0609217258253206,0.275522030876227,0.313892807721614,-0.229495595911704,0.143822398245083,-0.261598563227705,-0.334485374242654,0.0874956416527685,0.147307971339655,-0.427888970781861,-0.0550385428943119,0.19999774709633,-0.387779592161511,-0.513094514145869,-0.130459316161413,-0.478482915254076,-0.0503881952603469,-0.421853917118764,0.0694610425776605,-0.0542993707699481,-0.0241490755807056,-0.430435676080505,-0.243371189688781,0.0624965553459542,-0.406565093017699,-0.535489599369614,-0.27496199848579,-0.253946160903648,-0.204482998970635,-0.247375153359198,-0.198725608072442,-0.106746392368322,-0.519147803499152,-0.104307387506257,-0.110252333656842,-0.350894569107035,-0.386643093087957,-0.556230391848173,-0.338264632055031,0.0109170538721819,-0.470347181843347,0.160624627134132,-0.0434578876145153,-0.0750395810688296,0.0508483998306352,-0.329330706200414,0.198963514464477
0.162326998537871,0.0172551551401609,0.021954449326801,0.0647454212878395,-0.14319481727665,-0.101982638460856,0.215755552126083,0.0594966133139896,0.197069680808837,-0.0752739025680994,0.409685785558486,0.252807519717585,-0.00305380974145181,-0.17899950884466,0.175830893972135,-0.202610430821278,-0.0848850165669749,-0.208610067832797,0.0451526406291253,-0.0894258263369229,0.175788841791149,-0.600453667307935,0.0288063655805544,0.105023928073393,0.11988793564883,-0.117337627513682,0.00171517721625445,-0.02949022258696,-0.445823822094749,-0.0137873973151156,-0.264567653874935,-0.336630558476891,-0.257770412520761,0.464721134330557,0.118200429753528,0.00582568130560437,0.337265739941969,-0.057816949926432,-0.394585804934255,0.164775040352537,-0.0686652152834539,-0.398015180688673,0.159250016242473,0.106409420049124,0.364675037340306,0.037242554747561,-0.269665028605887,0.301927597352249,0.219456563515629,-0.0180131792759998,-0.288185474957404,-0.356466005616057,0.283231064644909,-0.649406803885758,-0.179490625584533,-0.290518142325882,0.190738381818655,0.312421801881223,0.0753195307395269,0.0561794988769871,-0.417269399428458,-0.338988582409356,-0.225748521535019,-0.281103848819615,0.208103932399036,-0.00221403595035663,0.112402302436201,-0.264439938602891,-0.429435611735025,-0.0641095197407376,0.151484105191095,-0.0976128876639084,0.408242379918606,0.152638201089207,0.111092771378787,-0.13018143525297,0.386393245897639,-0.290810223865226,0.00967302168496574,0.528400371431737,-0.0871947067489841,-0.450350854787138,0.126546404772057,-0.152767114760503,0.112968853620374,-0.373458517143189,0.502701922991899,-0.525346174284776,-0.119730163211483,-0.390644954667673,-0.143393318195239,0.0291334601507067,0.171080604678917,-0.138812878673707,-0.0263299995996247,-0.590948152454445,0.0573778787892046,0.334613706250023,-0.460689776992819,-0.126079299515145
-0.0691199128666066,0.104987711348452,0.348322260328542,0.212839880229123,-0.50097124908761,0.244453126862797,-0.367150675601658,-0.538668385223807,-0.471319794271751,-0.34752804840748,0.436909223405934,-0.414537429609069,0.0196890490523403,0.468808663336963,-0.632753540062724,-0.21052832919685,-0.11744380692146,-0.611801514805229,-0.327073014648567,-0.439033450881295,-0.028131550593615,-0.153395080861283,-0.0750316559863224,0.202629008993311,-0.200112069941454,-0.177177156582583,-0.304557748178516,-0.283484026806685,-0.160252150940823,-0.346499941115947,-0.0344170009321113,0.324108992763456,-0.317571071621187,0.0168150370257067,-0.0426815707414537,-0.317246637639844,0.121022152631249,-0.435491855587672,-0.343758695143369,-0.556645960835342,-0.0256966884043251,0.00210943667829973,-0.600795318888571,-0.0632629085278092,-0.0162601741986782,-0.172196270761515,-0.553580416710523,-0.0867793462572276,-0.258735658540268,0.111965410680973,0.577427954672907,-0.177647740817473,-0.598800296060988,0.0782593093677802,0.293982857112144,0.412807858498743,-0.305213217053029,0.124790341610567,-0.334377355025255,-0.246250697070219,0.174054551248936,0.24556877381835,-0.484334081982213,-0.0809592078948274,0.141696520422004,-0.477033510990245,-0.612772424553238,-0.0321019455328028,-0.446799433841047,-0.0946469015256519,-0.476895305261151,-0.0291588596428225,-0.010061303343731,-0.0516720660475585,-0.467627090154676,-0.186909429554231,0.0839475092063011,-0.309744940897431,-0.62571590375382,-0.277144130738957,-0.330804140963189,-0.144705926272549,-0.188683331043736,-0.102968982744852,-0.00695850954841329,-0.527637916169782,-0.0834367831341689,-0.168121916903202,-0.431714510939068,-0.348846017454326,-0.458346926150149,-0.432234758941363,0.109505438385498,-0.569967146488686,0.106624863375712,-0.0982385793390934,-0.13864028296149,0.104659026111355,-0.275848205563628,0.296646469172499
0.232345825995431,0.0751271496737394,-0.0443507732635945,0.0976124839123601,-0.175806849044834,-0.165667151072435,0.120381521205118,0.129738194521502,0.272203916850339,-0.0529867806886146,0.456987260494657,0.252406252070121,0.0843539003641117,-0.202561609414867,0.264860013330079,-0.23898982624569,-0.0545407518668706,-0.297746952887474,0.0630354109642921,-0.0397808162968028,0.271310111466032,-0.695737218867944,0.0328931629492421,0.007510832034879,0.203580098395506,-0.0935039217385213,-0.045379021182143,0.0588111410971759,-0.526823330273643,0.0855923344205016,-0.337775011404018,-0.403977577796468,-0.157789059400275,0.551657220261216,0.0522990868293306,0.105819371110728,0.240191891281478,-0.118889426313963,-0.489826288710061,0.251146513933729,-0.144770490657578,-0.397738769863893,0.0658156167269228,0.0509796689168607,0.330705641946918,0.106332245561565,-0.242963766692854,0.234458544063022,0.204169535612274,-0.0948104198364074,-0.294698948408011,-0.256495108609232,0.320495349913522,-0.743799212624534,-0.235208749747423,-0.378495189103152,0.257166596929841,0.404165629597991,0.0162479324732531,0.103042162237934,-0.393233190743622,-0.369510438493429,-0.210174132026149,-0.264825639499637,0.22927459669546,-0.041818327780298,0.0833290409556575,-0.339553722885991,-0.420020715075861,-0.140084967438964,0.123479024946007,-0.16970387716053,0.442996473752636,0.251754566964562,0.17780819636285,-0.206367095695095,0.470091260147908,-0.267005785368785,-0.0245917956126372,0.428502393526983,-0.187142489862292,-0.353630093977126,0.0424694024570626,-0.052992863571277,0.181797591861257,-0.406259972105683,0.418483692521618,-0.623748357169809,-0.210354013997107,-0.478674255289484,-0.156309112493886,-0.0262139665050047,0.247856860305678,-0.162664194262379,-0.106952677666753,-0.667081686982191,-0.0258318522540853,0.400340107818947,-0.453764004172038,-0.0530914713600868
-0.140515737684347,0.186540346186494,0.273464946342278,0.307284341127903,-0.595504076105271,0.16735395142317,-0.397213846190914,-0.609845068691131,-0.537311055621134,-0.445012837994827,0.525014674252421,-0.314538234679884,-0.0288896727723015,0.565993165272745,-0.678292708989019,-0.303676273825584,-0.212728777403396,-0.566473645637909,-0.425461055205802,-0.525839977007597,-0.0577235603211333,-0.123046360918271,-0.174948111524316,0.180466064671362,-0.145379795232641,-0.274295406510348,-0.216341329767994,-0.23654929370128,-0.218895817903327,-0.357620593984133,0.0337055562990861,0.398030430714624,-0.319502140862678,-0.0326027428019086,-0.117894687954014,-0.316123250367378,0.1450360633358,-0.51467615094875,-0.37424230139581,-0.607044061507547,-0.0905656876276287,-0.0978901813053839,-0.636432560466428,0.0199689524956068,0.0777934284784363,-0.244491599955375,-0.649949719978554,-0.0129692734459361,-0.159911032166625,0.176013703728735,0.677215602523964,-0.180060156961263,-0.691597780098842,0.0452430531770374,0.210943766078349,0.460347728507135,-0.37996140925437,0.0850025284528167,-0.253689398808011,-0.334590330206871,0.271122881161852,0.340797006508859,-0.385554335113005,0.0177069965591512,0.0439631946151802,-0.568856711046956,-0.708452858639599,0.0339125938558784,-0.54635524592937,-0.159667908493048,-0.572893823383037,-0.0984617400545066,0.0837051776762468,-0.0384076016534457,-0.542119049917293,-0.122134857824288,0.0292241831867665,-0.406870368607808,-0.719662283649939,-0.272628157928864,-0.327572941379296,-0.17010463545738,-0.134544087589014,-0.0962534187585474,0.0655853033660811,-0.622105183267707,-0.0295174947820292,-0.185926702874257,-0.47399119090923,-0.396289059431824,-0.359184522702507,-0.515521386695548,0.173578885084017,-0.667081073114529,0.165785524136113,-0.0334027488089443,-0.1941032495221,0.180025067116575,-0.17608832549696,0.365004182279582
0.331516631735777,0.170502805211496,0.0394054594738637,0.0192715296909498,-0.141017623066033,-0.265480263646281,0.18286136301566,0.134914576853505,0.221801675684469,-0.118638501431428,0.481952583613055,0.306463880424535,0.184259790448947,-0.270684233334813,0.289487259935894,-0.162436284444253,0.0452513137526951,-0.387926870089492,0.0480193635033023,0.0213622014231542,0.185197967314187,-0.645066261354489,-0.0433508886153502,0.10007746080471,0.228703482608636,0.00621546623027138,-0.0962541790334643,0.0613373640646238,-0.534120860365871,0.162786240593978,-0.424635592070717,-0.485904484248278,-0.063051794528597,0.627814090226345,0.14185714497881,0.119491562667645,0.170326542078093,-0.0406459430632597,-0.520887695730799,0.344399710043736,-0.213697073134983,-0.497734338200414,0.023493735038307,0.0942652008377184,0.231541567105317,0.194763702673291,-0.296139862056506,0.144750622180696,0.283129574185699,-0.116591815159952,-0.342036068241156,-0.161490266760515,0.326519825319702,-0.830823558304127,-0.275057699829623,-0.390811354911219,0.320279305146569,0.437635669971452,0.0678712078622536,0.159067059397335,-0.419144822690226,-0.344734399632133,-0.125810254231278,-0.340831986802568,0.328719694345812,0.0274674495374323,0.153228494498917,-0.410873278043091,-0.519746684321152,-0.236526894322483,0.0584423038832332,-0.149125106154749,0.417202521193953,0.313772575344629,0.135125347125914,-0.107613538643317,0.424469404124306,-0.345061041111374,-0.101058068950744,0.484499870298009,-0.274987568131452,-0.45344532274826,0.0792267946688609,-0.152607624760141,0.236810437609484,-0.506241269616241,0.436222987902882,-0.723603012283755,-0.124538600391081,-0.525443727586326,-0.200113095190627,-0.0308804762432795,0.244847788369086,-0.1387048237735,-0.0805074564245417,-0.66581206983065,0.0639284088172503,0.485898606241323,-0.376327435086725,-0.0987261901052729
-0.127664617552374,0.156482330103008,0.328099124998569,0.369434923520503,-0.501750624138999,0.161243095644225,-0.319135236012903,-0.709711004154164,-0.450941998167549,-0.520443942755559,0.62184820481713,-0.398667734952176,-0.0245522626735981,0.492785869799144,-0.775212772571082,-0.368015649309463,-0.206283341858651,-0.523258109847602,-0.326594891536019,-0.604969815780702,-0.108563491768174,-0.0368346792007434,-0.2396539427997,0.142631963147134,-0.24217243733767,-0.266809174939257,-0.302432666809687,-0.136581207805769,-0.31862919273138,-0.421190247513018,-0.0158448173272512,0.455371358503203,-0.351515429425921,-0.0974111616771938,-0.162384621876607,-0.415184197152646,0.0734900433045261,-0.452402903684017,-0.469295912552361,-0.570935317204357,-0.0181148337473131,-0.0988316232279018,-0.545829810339795,0.11011529311096,0.0648904729768214,-0.197802442829796,-0.73463916962815,0.0312177014624514,-0.0985488914892852,0.273612734552573,0.589129297766423,-0.148849901831301,-0.791416143621594,0.0945052421208993,0.302661055491956,0.361109066385588,-0.457529354061167,0.179234987814736,-0.168044565698704,-0.251757903595799,0.367707493445043,0.437679140561623,-0.439245452844648,-0.0472778876008406,0.0334430922709742,-0.496749283818721,-0.779965559570985,-0.0361839185555285,-0.538957201696554,-0.186105660647953,-0.64885581989052,-0.000602074288208097,0.180321284061268,0.0400383455752919,-0.451685790653807,-0.137874456600022,-0.0597625925337855,-0.469379384365825,-0.784105351871715,-0.355479124099996,-0.375356225317146,-0.176180827140184,-0.227543518326935,-0.105022646392312,-0.0179227010566886,-0.620171236836441,-0.127931504960481,-0.191316308805837,-0.525330403861801,-0.484678065881014,-0.449080079323428,-0.615412445789558,0.073624167905928,-0.764168397548866,0.0693456450760393,-0.133394688844601,-0.238183806827881,0.231791304643915,-0.23936215711957,0.453984362348267
0.244875234000913,0.265225471160468,0.0489683275484119,0.0418045091378635,-0.170082499581488,-0.363235360530419,0.150322229158929,0.0377931117839038,0.124412384732747,-0.218380195066368,0.555047751787835,0.305670095413444,0.180785731888447,-0.282832195210042,0.34083588416802,-0.078112393899325,-0.0546373629058949,-0.423344442966979,0.142225909808098,0.104408576537348,0.285143972215336,-0.548862482240058,-0.141083195292928,0.133635962667599,0.26781759926034,-0.0346101526405944,-0.0514844892567002,0.0472594613928296,-0.634013933861813,0.0861782289207182,-0.524210982651819,-0.563784674358509,-0.0391741999888788,0.723501969649841,0.0740998737574623,0.113344485620596,0.220725642811225,-0.0393569255576529,-0.474945175020037,0.356747041684225,-0.217104954114561,-0.540049384836675,-0.0566466688112754,0.146958829731813,0.153555671466623,0.231846927846711,-0.203150228283018,0.0790331762025314,0.340380494223472,-0.0313655772344578,-0.429626088670209,-0.238952705721382,0.389764252589014,-0.833359754856816,-0.194771456390659,-0.322802275123324,0.220530459228002,0.380661648341265,0.167725931978012,0.219506431025378,-0.458483864625613,-0.410413068195429,-0.025827051163618,-0.440527730769254,0.40244123986996,-0.0552033471533952,0.168395067860972,-0.399128086302538,-0.517309024474746,-0.262474862250875,0.0693777955419467,-0.124571246008991,0.396505631780626,0.39926840177045,0.166344501862738,-0.0736774101569181,0.501056456551976,-0.341466595771151,-0.166922534948345,0.464598372968529,-0.184111248487259,-0.454762697996731,-0.0167808008001112,-0.0793963662186574,0.281860970046088,-0.44073715701215,0.431226174684379,-0.782546362895912,-0.176676027054935,-0.454318985081322,-0.10011423063404,-0.129354342071993,0.240193239580584,-0.0387406119655093,0.0142157576929451,-0.581364295401549,0.153621876814397,0.393563701756685,-0.296895679297074,-0.115784553229927
-0.177597254160468,0.188538788980165,0.228557417386678,0.466863178340593,-0.406067642617014,0.182313003882582,-0.413693179982961,-0.685890403347759,-0.473642791277315,-0.527626877598737,0.690091126717744,-0.498664584423033,0.0753873736932567,0.393526477183392,-0.861022555169294,-0.421769546687959,-0.201566110105132,-0.429740221013587,-0.293051984181493,-0.549262548923068,-0.111849234351153,-0.0641263058288597,-0.218478574290538,0.236832955460273,-0.150139367854103,-0.175522435246114,-0.21301412914973,-0.235585312044903,-0.323252380761118,-0.485464756824811,-0.00663929774488808,0.392644362809264,-0.44862289813518,-0.126459909179727,-0.235930200919304,-0.315373308748792,-0.012880846739406,-0.552394595546064,-0.558117558510698,-0.471700527935382,0.0818270811194313,-0.189437565793002,-0.605642147450797,0.195105771836469,0.127486000623341,-0.104932456231422,-0.697856999890236,0.106591551664351,-0.180538721070887,0.325924189981367,0.540880066465434,-0.0856077438172116,-0.86887672985746,0.194473075485678,0.362277488750905,0.287796277144472,-0.464612272794306,0.2614174729273,-0.16265623831927,-0.331426481825987,0.275770342197145,0.362271498406465,-0.43741266690953,-0.0550726701461799,-0.0341226810579864,-0.553012410060597,-0.681122375423782,0.0631239384899346,-0.438986917037076,-0.0895308038769491,-0.748256096665921,0.0963366071139692,0.0824865317156216,-0.0118313340441986,-0.546687708411295,-0.23194006765671,0.00453688958216835,-0.569314763300093,-0.859350764481965,-0.45347876901851,-0.333625007650895,-0.276172149376617,-0.199569573080434,-0.1731410111905,0.0713546730488869,-0.544611914238522,-0.0280564236958163,-0.272097998678309,-0.610663215504202,-0.554972240630786,-0.44955661570354,-0.632816403640467,0.173515785049333,-0.766843534500857,0.101400484148762,-0.186953753378808,-0.19396749989681,0.270187468693816,-0.300112434255853,0.552518682498798
